id,name,address,date_of_birth
1,Samantha Barker,55535 Armstrong Trafficway Suite 278-Danielleville NE 88997,2012-05-18
2,Jeffrey Moore,10088 West Highway Suite 380-Port Carlosbury IN 26028,1926-07-06
3,Nicole Smith,13288 Benjamin Ports-North Heidi UT 40547,2014-06-18
4,Jo Gonzalez,PSC 4826 Box 8869-APO AE 15437,1989-12-21
5,Sheila Davis,2017 Jeremy Way Suite 576-Bradleytown NH 81754,2016-05-14
6,Victor Solis,9128 Bowman Island Apt. 743-Gonzalezhaven AL 18675,1912-06-16
7,Michael Nelson,USCGC Moreno-FPO AA 37880,2003-05-23
8,April Sanders,395 Matthew Road Apt. 382-Lake Peggyberg NJ 15758,1973-10-26
9,Tyler Salas,4745 Juarez Roads-Greenburgh NH 56267,1957-01-28
10,Kyle Meadows,5833 Brown Mall-Jamiechester CT 45399,1988-11-18
11,Debra Harris,76219 Jennifer Locks-South Ethan ME 32922,1936-05-16
12,Pedro Washington,9316 Troy Spur-Samuelshire RI 90422,1974-06-11
13,Karina Bennett,71614 Anna Harbor Apt. 030-Theresaview NM 64598,1987-10-27
14,Jorge Daniels,6558 Park Lakes Suite 174-Krystalberg NJ 23796,1915-02-14
15,David Bates,PSC 7349 Box 7458-APO AA 37471,1948-01-22
16,Melissa Wood,450 Davis Courts-East Jack WV 98412,1926-01-23
17,Henry Drake,597 Leonard Terrace-Victorbury KS 91307,1974-11-15
18,Alex Gonzales,4567 Alex Tunnel-Aaronborough WA 05983,1981-05-06
19,Jordan Howe,8245 Anna Turnpike Apt. 171-Amberfurt AL 54637,1935-03-13
20,Mary Campbell,502 Brandon Rapids-North Meganside DC 66313,2002-10-02
21,Jesse Burton,2694 Pope Springs-New Rebeccaport MI 84352,1973-04-23
22,Jeffrey Williams,045 Joseph Vista-North Jennifer IN 29433,1930-01-31
23,Sandra Wall,80932 Jerry Lake Suite 703-Kyleburgh WV 29253,1996-07-08
24,Ryan Lester,624 Martin Shoals Suite 089-Castroberg AK 19458,1915-01-22
25,Robert Johnston,7200 Melissa Point-Port Rhonda CA 22594,1969-01-27
26,Todd Ray,88503 Trevino Mission-West Danielle MT 70406,2003-04-30
27,Nathan Green,466 Michelle Road Suite 728-Velasquezville IA 69548,1947-08-02
28,Brad Davis,02088 Valdez Coves Apt. 757-Williamsshire WY 13653,1959-08-07
29,Anthony Barton,71458 Bethany Prairie Apt. 010-Cruzborough TX 51549,1981-04-10
30,Sabrina Dixon,7303 Williamson Ramp Apt. 291-Josephmouth KS 89725,2012-10-22
31,Lisa Reeves,73043 Derek Turnpike Apt. 743-North Mackenzieview OH 70013,1914-07-27
32,Shannon Scott,73889 Wagner Mills Apt. 848-Andersonville AL 84347,2021-07-29
33,Kelly Sharp,7538 Cantrell Club Apt. 476-North Michele OH 22052,1923-08-15
34,Amber Anderson,9497 Elizabeth Courts Suite 258-Cassandramouth GA 67198,1991-05-27
35,Michael Reid,3278 Ryan Well-New Mark MI 05683,1936-11-11
36,Jessica Conway,9153 Oneill Glen-Kristinfurt AK 21117,1971-04-04
37,Michael Black,2317 Williams Centers Suite 264-Port Adamfort DC 97672,1951-04-07
38,Brandon Castro,4520 Bowman Club-East Stephanietown IN 91533,1942-07-03
39,Kimberly Banks,52714 Michael Square-Port Antonio HI 16740,2007-03-30
40,Terry Kelly,22715 William Valley Suite 163-Frankchester AR 60425,1913-07-04
41,Deborah Flores,565 Baker Place Apt. 070-Garyburgh NH 59906,1955-02-02
42,Laura Hudson,7430 Nathan Park Suite 431-New Lisa IN 12265,2014-04-03
43,Daniel Decker,581 Moreno Squares Apt. 129-Adrianchester WA 98129,1961-02-25
44,Steven Thomas,006 Wilson Shore-Port Nicholasshire WY 09026,1938-01-25
45,Joel Garcia,337 Mark Inlet Suite 359-Port Henrybury CO 34689,1963-08-28
46,Peter Rios,2140 Murphy Forges-Lake Ashleymouth NH 81913,1938-11-08
47,Ms. Amber Bishop MD,05320 Kimberly Club Suite 750-Brandontown NM 15264,1965-06-10
48,Jose Kim,313 Gutierrez Fields Suite 183-Farmerberg NV 76165,1962-01-30
49,Taylor Matthews,575 Christensen Creek Apt. 488-Joneshaven KS 59159,1910-09-09
50,William Lopez,812 Hannah Square-South Charlesview MO 13532,1927-05-21
51,Meagan Blankenship,947 Robert Spurs-Lake Christopherton TN 93304,1924-09-18
52,April Meyer,6149 Santiago Shoal Apt. 891-East Sarahview WY 60087,1925-12-21
53,Alicia Huerta,Unit 0058 Box 1938-DPO AA 49721,2020-05-19
54,Kelly Fisher,21385 Mcgee Ridge-Lake Teresa AR 53177,1978-04-05
55,Kimberly Glass,49561 Peterson Courts-Port Sandramouth DC 07496,2013-03-09
56,Shawn Randolph,878 Johnson Gateway Apt. 537-Stevenville HI 02627,1980-01-31
57,Joanna Holmes DDS,68724 Davis Rue-Nortonshire NM 43892,1932-10-25
58,Cassandra Ross,776 Jonathan Field Apt. 326-Lake Richardfurt TX 71395,1956-08-24
59,Timothy Grant,4108 Freeman Gateway Suite 141-Port Juan ND 96572,1975-06-11
60,Brooke Reyes,04637 Garcia Locks-East Derek ME 33136,2015-07-20
61,Carolyn Haney,09584 Yates Hollow-Romeroberg MO 63871,1943-11-30
62,Elizabeth Smith,869 Sandoval Knolls Apt. 344-South Steven ND 76016,1924-08-07
63,James Riddle,82328 Shelley Coves-East Raymond MO 32340,2005-11-10
64,Kathryn Smith,939 Samantha Lakes-Cortezland NC 95767,1946-04-27
65,Erin Harvey,568 Johnson Mountain-Karentown ME 10744,1923-01-18
66,Richard Beck,451 Andre Vista-Salaschester MS 81411,2018-03-24
67,Adam Howell,43407 Bowman Unions Suite 040-New Angelaton NJ 92274,1982-09-26
68,Kevin Davis,29139 Wilson Divide-Sosaton OK 15183,1908-08-02
69,Stacey Good,30629 Timothy Highway-Johnsonchester VA 88914,1990-11-21
70,David May,8234 Amber Burgs-Lucerofurt VT 08125,1955-07-03
71,Jessica Anderson,PSC 0360 Box 7917-APO AA 52007,1936-04-04
72,Bryan Walton,511 Porter Walk-Cookbury OK 17273,1982-09-12
73,Robert Johnson,1055 Mitchell Village Suite 119-North Rachelchester IA 92295,1997-05-03
74,Jason Arnold,6774 Rowe Valleys Apt. 324-Patrickborough MA 93516,2007-04-20
75,Brandon Brown,2299 Lowery Loaf Suite 597-South Colinberg UT 63832,2018-04-24
76,Wendy Johnson,320 Caitlin Avenue-North Timothyberg AR 04668,1949-03-09
77,David Lee,6117 Gabrielle Rue Suite 654-North Kyle IA 89955,1908-09-23
78,Megan Smith,USCGC Powell-FPO AP 46097,1910-06-07
79,David Clark,USNS Harrison-FPO AE 76951,1936-03-04
80,Jennifer Patterson,110 Mackenzie Common-Coxberg TX 81167,1937-05-04
81,James Robertson,552 Antonio Crossing-West Jeremyborough AL 49260,1984-07-20
82,Anthony Gomez,5331 Stephanie Divide Suite 725-East Steveville GA 77218,1926-11-08
83,Barbara Lynch,66246 Martha Pines Apt. 631-Thomaschester NV 36953,1912-05-29
84,Shannon Martin,30919 Jones Camp-South Georgeburgh MN 34640,1949-03-27
85,Aaron Flores,026 Smith Crossroad-Russellshire MT 36809,1998-07-31
86,Karen Johnson,493 Best Cape Suite 541-Mendozastad FL 39681,1931-06-19
87,Doris Hinton,94230 Hawkins Village Apt. 249-Port Michael DE 07664,1939-07-28
88,Rachel Gillespie,743 Shaffer Point Apt. 608-Sandersport KY 22549,1968-07-25
89,Jason Hamilton,69682 Brenda Vista-Jeffreyton WI 02852,1992-09-30
90,Carrie Andrews,7705 Christopher Tunnel Suite 009-Virginiashire CT 72414,1925-12-09
91,Alicia Bryant,Unit 0931 Box 4260-DPO AA 45176,2001-05-15
92,Ann Monroe,6027 Judy Path Suite 227-Myerschester RI 84093,1942-11-29
93,Cody Smith,0067 Timothy Villages Suite 006-Lake Randyfurt RI 94620,2009-05-26
94,Aaron Fitzgerald,535 Adams Turnpike-Orrton ND 36122,1982-08-22
95,Renee Whitney,USCGC Garcia-FPO AE 12169,2003-01-09
96,Patrick Bass,16736 Nichols Lakes-Sullivanfort AK 08767,1914-09-02
97,Michael Torres,50116 Matthew Path-Washingtonland LA 70842,1950-11-01
98,Paul Roberts,090 Riley Spurs-Marthamouth MD 93773,1991-07-20
99,Jonathan Cervantes,9364 Kevin Shores-West Stephanieberg VT 88336,1950-01-14
100,Wendy Gilbert,9475 Jorge Lakes Suite 028-Maldonadoburgh AL 02663,1974-04-06
